[{"model": "auth.permission", "pk": 1, "fields": {"name": "Can add log entry", "content_type": 1, "codename": "add_logentry"}}, {"model": "auth.permission", "pk": 2, "fields": {"name": "Can change log entry", "content_type": 1, "codename": "change_logentry"}}, {"model": "auth.permission", "pk": 3, "fields": {"name": "Can delete log entry", "content_type": 1, "codename": "delete_logentry"}}, {"model": "auth.permission", "pk": 4, "fields": {"name": "Can view log entry", "content_type": 1, "codename": "view_logentry"}}, {"model": "auth.permission", "pk": 5, "fields": {"name": "Can add permission", "content_type": 2, "codename": "add_permission"}}, {"model": "auth.permission", "pk": 6, "fields": {"name": "Can change permission", "content_type": 2, "codename": "change_permission"}}, {"model": "auth.permission", "pk": 7, "fields": {"name": "Can delete permission", "content_type": 2, "codename": "delete_permission"}}, {"model": "auth.permission", "pk": 8, "fields": {"name": "Can view permission", "content_type": 2, "codename": "view_permission"}}, {"model": "auth.permission", "pk": 9, "fields": {"name": "Can add group", "content_type": 3, "codename": "add_group"}}, {"model": "auth.permission", "pk": 10, "fields": {"name": "Can change group", "content_type": 3, "codename": "change_group"}}, {"model": "auth.permission", "pk": 11, "fields": {"name": "Can delete group", "content_type": 3, "codename": "delete_group"}}, {"model": "auth.permission", "pk": 12, "fields": {"name": "Can view group", "content_type": 3, "codename": "view_group"}}, {"model": "auth.permission", "pk": 13, "fields": {"name": "Can add content type", "content_type": 4, "codename": "add_contenttype"}}, {"model": "auth.permission", "pk": 14, "fields": {"name": "Can change content type", "content_type": 4, "codename": "change_contenttype"}}, {"model": "auth.permission", "pk": 15, "fields": {"name": "Can delete content type", "content_type": 4, "codename": "delete_contenttype"}}, {"model": "auth.permission", "pk": 16, "fields": {"name": "Can view content type", "content_type": 4, "codename": "view_contenttype"}}, {"model": "auth.permission", "pk": 17, "fields": {"name": "Can add session", "content_type": 5, "codename": "add_session"}}, {"model": "auth.permission", "pk": 18, "fields": {"name": "Can change session", "content_type": 5, "codename": "change_session"}}, {"model": "auth.permission", "pk": 19, "fields": {"name": "Can delete session", "content_type": 5, "codename": "delete_session"}}, {"model": "auth.permission", "pk": 20, "fields": {"name": "Can view session", "content_type": 5, "codename": "view_session"}}, {"model": "auth.permission", "pk": 21, "fields": {"name": "Can add site", "content_type": 6, "codename": "add_site"}}, {"model": "auth.permission", "pk": 22, "fields": {"name": "Can change site", "content_type": 6, "codename": "change_site"}}, {"model": "auth.permission", "pk": 23, "fields": {"name": "Can delete site", "content_type": 6, "codename": "delete_site"}}, {"model": "auth.permission", "pk": 24, "fields": {"name": "Can view site", "content_type": 6, "codename": "view_site"}}, {"model": "auth.permission", "pk": 25, "fields": {"name": "Can add user", "content_type": 7, "codename": "add_usuario"}}, {"model": "auth.permission", "pk": 26, "fields": {"name": "Can change user", "content_type": 7, "codename": "change_usuario"}}, {"model": "auth.permission", "pk": 27, "fields": {"name": "Can delete user", "content_type": 7, "codename": "delete_usuario"}}, {"model": "auth.permission", "pk": 28, "fields": {"name": "Can view user", "content_type": 7, "codename": "view_usuario"}}, {"model": "auth.permission", "pk": 29, "fields": {"name": "Can add rol sistema", "content_type": 8, "codename": "add_rolsistema"}}, {"model": "auth.permission", "pk": 30, "fields": {"name": "Can change rol sistema", "content_type": 8, "codename": "change_rolsistema"}}, {"model": "auth.permission", "pk": 31, "fields": {"name": "Can delete rol sistema", "content_type": 8, "codename": "delete_rolsistema"}}, {"model": "auth.permission", "pk": 32, "fields": {"name": "Can view rol sistema", "content_type": 8, "codename": "view_rolsistema"}}, {"model": "auth.permission", "pk": 33, "fields": {"name": "Can add rol proyecto", "content_type": 9, "codename": "add_rolproyecto"}}, {"model": "auth.permission", "pk": 34, "fields": {"name": "Can change rol proyecto", "content_type": 9, "codename": "change_rolproyecto"}}, {"model": "auth.permission", "pk": 35, "fields": {"name": "Can delete rol proyecto", "content_type": 9, "codename": "delete_rolproyecto"}}, {"model": "auth.permission", "pk": 36, "fields": {"name": "Can view rol proyecto", "content_type": 9, "codename": "view_rolproyecto"}}, {"model": "auth.permission", "pk": 37, "fields": {"name": "Can add permiso sistema", "content_type": 10, "codename": "add_permisosistema"}}, {"model": "auth.permission", "pk": 38, "fields": {"name": "Can change permiso sistema", "content_type": 10, "codename": "change_permisosistema"}}, {"model": "auth.permission", "pk": 39, "fields": {"name": "Can delete permiso sistema", "content_type": 10, "codename": "delete_permisosistema"}}, {"model": "auth.permission", "pk": 40, "fields": {"name": "Can view permiso sistema", "content_type": 10, "codename": "view_permisosistema"}}, {"model": "auth.permission", "pk": 41, "fields": {"name": "Can add permiso proyecto", "content_type": 11, "codename": "add_permisoproyecto"}}, {"model": "auth.permission", "pk": 42, "fields": {"name": "Can change permiso proyecto", "content_type": 11, "codename": "change_permisoproyecto"}}, {"model": "auth.permission", "pk": 43, "fields": {"name": "Can delete permiso proyecto", "content_type": 11, "codename": "delete_permisoproyecto"}}, {"model": "auth.permission", "pk": 44, "fields": {"name": "Can view permiso proyecto", "content_type": 11, "codename": "view_permisoproyecto"}}, {"model": "auth.permission", "pk": 45, "fields": {"name": "Can add proyecto", "content_type": 12, "codename": "add_proyecto"}}, {"model": "auth.permission", "pk": 46, "fields": {"name": "Can change proyecto", "content_type": 12, "codename": "change_proyecto"}}, {"model": "auth.permission", "pk": 47, "fields": {"name": "Can delete proyecto", "content_type": 12, "codename": "delete_proyecto"}}, {"model": "auth.permission", "pk": 48, "fields": {"name": "Can view proyecto", "content_type": 12, "codename": "view_proyecto"}}, {"model": "auth.permission", "pk": 49, "fields": {"name": "Can add sprint", "content_type": 13, "codename": "add_sprint"}}, {"model": "auth.permission", "pk": 50, "fields": {"name": "Can change sprint", "content_type": 13, "codename": "change_sprint"}}, {"model": "auth.permission", "pk": 51, "fields": {"name": "Can delete sprint", "content_type": 13, "codename": "delete_sprint"}}, {"model": "auth.permission", "pk": 52, "fields": {"name": "Can view sprint", "content_type": 13, "codename": "view_sprint"}}, {"model": "auth.permission", "pk": 53, "fields": {"name": "Can add archivo anexo", "content_type": 14, "codename": "add_archivoanexo"}}, {"model": "auth.permission", "pk": 54, "fields": {"name": "Can change archivo anexo", "content_type": 14, "codename": "change_archivoanexo"}}, {"model": "auth.permission", "pk": 55, "fields": {"name": "Can delete archivo anexo", "content_type": 14, "codename": "delete_archivoanexo"}}, {"model": "auth.permission", "pk": 56, "fields": {"name": "Can view archivo anexo", "content_type": 14, "codename": "view_archivoanexo"}}, {"model": "auth.permission", "pk": 57, "fields": {"name": "Can add comentario", "content_type": 15, "codename": "add_comentario"}}, {"model": "auth.permission", "pk": 58, "fields": {"name": "Can change comentario", "content_type": 15, "codename": "change_comentario"}}, {"model": "auth.permission", "pk": 59, "fields": {"name": "Can delete comentario", "content_type": 15, "codename": "delete_comentario"}}, {"model": "auth.permission", "pk": 60, "fields": {"name": "Can view comentario", "content_type": 15, "codename": "view_comentario"}}, {"model": "auth.permission", "pk": 61, "fields": {"name": "Can add etapa historia usuario", "content_type": 16, "codename": "add_etapahistoriausuario"}}, {"model": "auth.permission", "pk": 62, "fields": {"name": "Can change etapa historia usuario", "content_type": 16, "codename": "change_etapahistoriausuario"}}, {"model": "auth.permission", "pk": 63, "fields": {"name": "Can delete etapa historia usuario", "content_type": 16, "codename": "delete_etapahistoriausuario"}}, {"model": "auth.permission", "pk": 64, "fields": {"name": "Can view etapa historia usuario", "content_type": 16, "codename": "view_etapahistoriausuario"}}, {"model": "auth.permission", "pk": 65, "fields": {"name": "Can add historia usuario", "content_type": 17, "codename": "add_historiausuario"}}, {"model": "auth.permission", "pk": 66, "fields": {"name": "Can change historia usuario", "content_type": 17, "codename": "change_historiausuario"}}, {"model": "auth.permission", "pk": 67, "fields": {"name": "Can delete historia usuario", "content_type": 17, "codename": "delete_historiausuario"}}, {"model": "auth.permission", "pk": 68, "fields": {"name": "Can view historia usuario", "content_type": 17, "codename": "view_historiausuario"}}, {"model": "auth.permission", "pk": 69, "fields": {"name": "Can add tipo historia ususario", "content_type": 18, "codename": "add_tipohistoriaususario"}}, {"model": "auth.permission", "pk": 70, "fields": {"name": "Can change tipo historia ususario", "content_type": 18, "codename": "change_tipohistoriaususario"}}, {"model": "auth.permission", "pk": 71, "fields": {"name": "Can delete tipo historia ususario", "content_type": 18, "codename": "delete_tipohistoriaususario"}}, {"model": "auth.permission", "pk": 72, "fields": {"name": "Can view tipo historia ususario", "content_type": 18, "codename": "view_tipohistoriaususario"}}, {"model": "auth.permission", "pk": 73, "fields": {"name": "Can add email address", "content_type": 19, "codename": "add_emailaddress"}}, {"model": "auth.permission", "pk": 74, "fields": {"name": "Can change email address", "content_type": 19, "codename": "change_emailaddress"}}, {"model": "auth.permission", "pk": 75, "fields": {"name": "Can delete email address", "content_type": 19, "codename": "delete_emailaddress"}}, {"model": "auth.permission", "pk": 76, "fields": {"name": "Can view email address", "content_type": 19, "codename": "view_emailaddress"}}, {"model": "auth.permission", "pk": 77, "fields": {"name": "Can add email confirmation", "content_type": 20, "codename": "add_emailconfirmation"}}, {"model": "auth.permission", "pk": 78, "fields": {"name": "Can change email confirmation", "content_type": 20, "codename": "change_emailconfirmation"}}, {"model": "auth.permission", "pk": 79, "fields": {"name": "Can delete email confirmation", "content_type": 20, "codename": "delete_emailconfirmation"}}, {"model": "auth.permission", "pk": 80, "fields": {"name": "Can view email confirmation", "content_type": 20, "codename": "view_emailconfirmation"}}, {"model": "auth.permission", "pk": 81, "fields": {"name": "Can add social account", "content_type": 21, "codename": "add_socialaccount"}}, {"model": "auth.permission", "pk": 82, "fields": {"name": "Can change social account", "content_type": 21, "codename": "change_socialaccount"}}, {"model": "auth.permission", "pk": 83, "fields": {"name": "Can delete social account", "content_type": 21, "codename": "delete_socialaccount"}}, {"model": "auth.permission", "pk": 84, "fields": {"name": "Can view social account", "content_type": 21, "codename": "view_socialaccount"}}, {"model": "auth.permission", "pk": 85, "fields": {"name": "Can add social application", "content_type": 22, "codename": "add_socialapp"}}, {"model": "auth.permission", "pk": 86, "fields": {"name": "Can change social application", "content_type": 22, "codename": "change_socialapp"}}, {"model": "auth.permission", "pk": 87, "fields": {"name": "Can delete social application", "content_type": 22, "codename": "delete_socialapp"}}, {"model": "auth.permission", "pk": 88, "fields": {"name": "Can view social application", "content_type": 22, "codename": "view_socialapp"}}, {"model": "auth.permission", "pk": 89, "fields": {"name": "Can add social application token", "content_type": 23, "codename": "add_socialtoken"}}, {"model": "auth.permission", "pk": 90, "fields": {"name": "Can change social application token", "content_type": 23, "codename": "change_socialtoken"}}, {"model": "auth.permission", "pk": 91, "fields": {"name": "Can delete social application token", "content_type": 23, "codename": "delete_socialtoken"}}, {"model": "auth.permission", "pk": 92, "fields": {"name": "Can view social application token", "content_type": 23, "codename": "view_socialtoken"}}, {"model": "contenttypes.contenttype", "pk": 1, "fields": {"app_label": "admin", "model": "logentry"}}, {"model": "contenttypes.contenttype", "pk": 2, "fields": {"app_label": "auth", "model": "permission"}}, {"model": "contenttypes.contenttype", "pk": 3, "fields": {"app_label": "auth", "model": "group"}}, {"model": "contenttypes.contenttype", "pk": 4, "fields": {"app_label": "contenttypes", "model": "contenttype"}}, {"model": "contenttypes.contenttype", "pk": 5, "fields": {"app_label": "sessions", "model": "session"}}, {"model": "contenttypes.contenttype", "pk": 6, "fields": {"app_label": "sites", "model": "site"}}, {"model": "contenttypes.contenttype", "pk": 7, "fields": {"app_label": "usuarios", "model": "usuario"}}, {"model": "contenttypes.contenttype", "pk": 8, "fields": {"app_label": "usuarios", "model": "rolsistema"}}, {"model": "contenttypes.contenttype", "pk": 9, "fields": {"app_label": "usuarios", "model": "rolproyecto"}}, {"model": "contenttypes.contenttype", "pk": 10, "fields": {"app_label": "usuarios", "model": "permisosistema"}}, {"model": "contenttypes.contenttype", "pk": 11, "fields": {"app_label": "usuarios", "model": "permisoproyecto"}}, {"model": "contenttypes.contenttype", "pk": 12, "fields": {"app_label": "proyectos", "model": "proyecto"}}, {"model": "contenttypes.contenttype", "pk": 13, "fields": {"app_label": "proyectos", "model": "sprint"}}, {"model": "contenttypes.contenttype", "pk": 14, "fields": {"app_label": "historias_usuario", "model": "archivoanexo"}}, {"model": "contenttypes.contenttype", "pk": 15, "fields": {"app_label": "historias_usuario", "model": "comentario"}}, {"model": "contenttypes.contenttype", "pk": 16, "fields": {"app_label": "historias_usuario", "model": "etapahistoriausuario"}}, {"model": "contenttypes.contenttype", "pk": 17, "fields": {"app_label": "historias_usuario", "model": "historiausuario"}}, {"model": "contenttypes.contenttype", "pk": 18, "fields": {"app_label": "historias_usuario", "model": "tipohistoriaususario"}}, {"model": "contenttypes.contenttype", "pk": 19, "fields": {"app_label": "account", "model": "emailaddress"}}, {"model": "contenttypes.contenttype", "pk": 20, "fields": {"app_label": "account", "model": "emailconfirmation"}}, {"model": "contenttypes.contenttype", "pk": 21, "fields": {"app_label": "socialaccount", "model": "socialaccount"}}, {"model": "contenttypes.contenttype", "pk": 22, "fields": {"app_label": "socialaccount", "model": "socialapp"}}, {"model": "contenttypes.contenttype", "pk": 23, "fields": {"app_label": "socialaccount", "model": "socialtoken"}}, {"model": "sessions.session", "pk": "poy5fa2o2cmxsd9ktt0a7obk7785rt7x", "fields": {"session_data": ".eJxVjMEOgyAQRP9lz40pIqDe6o-QXVgiKcVEoZem_15tvHicNzPvA-jcUnOxb15jiOwtvzAmGHNN6QYWa5lt3Xi10cMIAi6M0D05HwWmdODm1DX_zVlvzWNPnEt0WOKSp_N1Uc24zbunR3K9dL0JWhsi8nIIWjCRCiQ6w603xF630gfjOxNkMGoQnUSh7lIrhu8PrElITg:1oVF4T:LaU1T9RuMIub19qS9f44OtrLTpBHrj-l1vS8oNqI12o", "expire_date": "2022-09-19T16:35:37.538Z"}}, {"model": "sessions.session", "pk": "s6i7xu7aol96q6g9em9gtgckfwmissjf", "fields": {"session_data": ".eJxVjEsOgyAQhu8y68YICD527UXIMAyRlGKi0E3Tu1cbN-7-5_cBJFpqLvbNawyRveUXxgRTrindwGIts60brzZ6mEDCJXNIT85HgSkdcXPimv_mrLfmvjvOJRKWuOTH-bqgZtzmndN3XhBp3yrXBh45BOVGol2SVlK2WhszBNH5IHo39MowykG7UXSshDEKvj-dF0e6:1oVF4y:QKKyfHDp1E3EzgbHoHZSUg8gy56SRnvYOostcgz8ywo", "expire_date": "2022-09-19T16:36:08.606Z"}}, {"model": "sites.site", "pk": 1, "fields": {"domain": "example.com", "name": "example.com"}}, {"model": "usuarios.usuario", "pk": 1, "fields": {"password": "!CLLNE0UsKDuFhOac9sXcyGsrjvfk3ZvoMhhbTMbc", "last_login": "2022-09-05T16:35:37.533Z", "is_superuser": false, "email": "jlgutierrez2000@hotmail.com", "username": "", "direccion": "Asunción, Paraguay", "telefono": "", "is_staff": false, "is_active": true, "date_joined": "2022-09-05T16:35:37.454Z", "avatar_url": "https://avatars.githubusercontent.com/u/46907456?v=4", "first_name": "José", "last_name": "Luis Junior Gutiérrez Agüero", "groups": [], "user_permissions": []}}, {"model": "usuarios.usuario", "pk": 2, "fields": {"password": "!OsUxsSD8PceTwCaBsNEZNXddqNbLpqGxTy2qFpDL", "last_login": "2022-09-05T16:36:08.603Z", "is_superuser": false, "email": "1nspect0r0fp855y@gmail.com", "username": "", "direccion": null, "telefono": "", "is_staff": false, "is_active": true, "date_joined": "2022-09-05T16:36:08.535Z", "avatar_url": "https://avatars.githubusercontent.com/u/111776546?v=4", "first_name": "", "last_name": "", "groups": [], "user_permissions": []}}, {"model": "usuarios.rolproyecto", "pk": 1, "fields": {"nombre": "Scrum Master", "descripcion": "Un Scrum Master es un facilitador para un equipo de desarrollo Agile. Son responsables de gestionar el intercambio de información entre los miembros del equipo. Scrum es un marco de gestión de proyectos que permite a un equipo comunicarse y autoorganizarse para realizar cambios rápidamente, de acuerdo con los principios ágiles.", "proyecto": null, "usuario": []}}, {"model": "usuarios.rolproyecto", "pk": 2, "fields": {"nombre": "Product Owner", "descripcion": "Propietario del proyecto", "proyecto": null, "usuario": []}}, {"model": "usuarios.rolproyecto", "pk": 3, "fields": {"nombre": "Member", "descripcion": "Miembro del proyecto", "proyecto": null, "usuario": []}}, {"model": "usuarios.rolproyecto", "pk": 4, "fields": {"nombre": "Scrum Master", "descripcion": null, "proyecto": 1, "usuario": [1]}}, {"model": "usuarios.rolproyecto", "pk": 5, "fields": {"nombre": "dev", "descripcion": null, "proyecto": 1, "usuario": [2]}}, {"model": "usuarios.rolproyecto", "pk": 6, "fields": {"nombre": "Scrum Master", "descripcion": null, "proyecto": 2, "usuario": [2]}}, {"model": "usuarios.rolproyecto", "pk": 7, "fields": {"nombre": "dev", "descripcion": null, "proyecto": 2, "usuario": []}}, {"model": "usuarios.rolsistema", "pk": 1, "fields": {"nombre": "gpa_admin", "descripcion": null, "usuario": [1]}}, {"model": "usuarios.permisoproyecto", "pk": 1, "fields": {"nombre": "pro_cambiarEstadoProyecto", "descripcion": "Cambiar de estado al proyecto", "rol": [1]}}, {"model": "usuarios.permisoproyecto", "pk": 2, "fields": {"nombre": "pro_especificarFechaFinProyecto", "descripcion": "Especificar la fecha de fin de proyecto", "rol": [1]}}, {"model": "usuarios.permisoproyecto", "pk": 3, "fields": {"nombre": "pro_crearRolProyecto", "descripcion": "Crear rol de proyecto", "rol": [1]}}, {"model": "usuarios.permisoproyecto", "pk": 4, "fields": {"nombre": "pro_asignarRolProyecto", "descripcion": "Asignar rol de proyecto", "rol": [1]}}, {"model": "usuarios.permisoproyecto", "pk": 5, "fields": {"nombre": "pro_editarRolProyecto", "descripcion": "Editar rol de proyecto", "rol": [1]}}, {"model": "usuarios.permisoproyecto", "pk": 6, "fields": {"nombre": "pro_importarRol", "descripcion": "Importar rol de proyecto custom entre proyectos", "rol": [1]}}, {"model": "usuarios.permisoproyecto", "pk": 7, "fields": {"nombre": "pro_asignarMiembros", "descripcion": "Agregar miembros al equipo durante su la planificacion/ejecucion del Proyecto", "rol": [1]}}, {"model": "usuarios.permisoproyecto", "pk": 8, "fields": {"nombre": "pro_iniciarSprint", "descripcion": "Iniciar sprint", "rol": [1]}}, {"model": "usuarios.permisoproyecto", "pk": 9, "fields": {"nombre": "pro_especificarTiempoDeSprint", "descripcion": "Especificar el tiempo del Sprint", "rol": [1]}}, {"model": "usuarios.permisoproyecto", "pk": 10, "fields": {"nombre": "pro_crearTipoUS", "descripcion": "Crear un tipo de US", "rol": [1]}}, {"model": "usuarios.permisoproyecto", "pk": 11, "fields": {"nombre": "pro_eliminarTipoUS", "descripcion": "Eliminar un tipo de US", "rol": [1]}}, {"model": "usuarios.permisoproyecto", "pk": 12, "fields": {"nombre": "pro_importarTipoUS", "descripcion": "Importar tipos de US entre proyectos", "rol": [1]}}, {"model": "usuarios.permisoproyecto", "pk": 13, "fields": {"nombre": "pro_cambiarEstadoSprint", "descripcion": "Cambiar de estado al Sprint", "rol": [1]}}, {"model": "usuarios.permisoproyecto", "pk": 14, "fields": {"nombre": "pro_asignarUS", "descripcion": "Asignar US a un miembro", "rol": [1]}}, {"model": "usuarios.permisoproyecto", "pk": 15, "fields": {"nombre": "pro_cambiarUsuarioAsignadoUS", "descripcion": "Cambiar a quien esta asignado un US", "rol": [1]}}, {"model": "usuarios.permisoproyecto", "pk": 16, "fields": {"nombre": "pro_modificarUS", "descripcion": "Modificar una historia de Usuaior", "rol": [1]}}, {"model": "usuarios.permisoproyecto", "pk": 17, "fields": {"nombre": "pro_cargarUSalBacklog", "descripcion": "Cargar US al product backlog", "rol": [1]}}, {"model": "usuarios.permisoproyecto", "pk": 18, "fields": {"nombre": "pro_asignarBVaUS", "descripcion": "Asignar BV a un US que esta en product backlog", "rol": [1]}}, {"model": "usuarios.permisoproyecto", "pk": 19, "fields": {"nombre": "pro_cancelarUS", "descripcion": "Cancelar una historia de Usuario", "rol": [1]}}, {"model": "usuarios.permisoproyecto", "pk": 20, "fields": {"nombre": "pro_cancelarSprint", "descripcion": "Cancelar Sprint", "rol": [1]}}, {"model": "usuarios.permisoproyecto", "pk": 21, "fields": {"nombre": "pro_eliminarMiembros", "descripcion": "Eliminar miembros", "rol": [1]}}, {"model": "usuarios.permisoproyecto", "pk": 22, "fields": {"nombre": "pro_generarReportes", "descripcion": "Generar los reportes", "rol": [1]}}, {"model": "usuarios.permisoproyecto", "pk": 23, "fields": {"nombre": "pro_verproyecto", "descripcion": "Ver el proyecto, pero no modificar nada", "rol": [2]}}, {"model": "usuarios.permisoproyecto", "pk": 24, "fields": {"nombre": "pro_cambiarEstadoUS", "descripcion": "Cambiar estado del US que tiene asignado", "rol": [3]}}, {"model": "usuarios.permisoproyecto", "pk": 25, "fields": {"nombre": "pro_asignarUPaUS", "descripcion": "Asignar UP a un US que esta en product backlog", "rol": [3]}}, {"model": "usuarios.permisoproyecto", "pk": 26, "fields": {"nombre": "pro_agregarRetroespectiva", "descripcion": "Agregar retroespectiva", "rol": [1]}}, {"model": "usuarios.permisosistema", "pk": 1, "fields": {"nombre": "sys_crearproyectos", "descripcion": "Crear proyectos", "rol": [1]}}, {"model": "usuarios.permisosistema", "pk": 2, "fields": {"nombre": "sys_asignarmaster", "descripcion": "Asignar Scrum Master", "rol": [1]}}, {"model": "usuarios.permisosistema", "pk": 3, "fields": {"nombre": "sys_crearrolsistema", "descripcion": "Crear Rol del sistema", "rol": [1]}}, {"model": "usuarios.permisosistema", "pk": 4, "fields": {"nombre": "sys_importarusuarios", "descripcion": "Importar usuarios atravez de SSO y elegir su rol o permisos", "rol": [1]}}, {"model": "usuarios.permisosistema", "pk": 5, "fields": {"nombre": "sys_eliminarUsuarios", "descripcion": "Eliminar usuario", "rol": [1]}}, {"model": "proyectos.proyecto", "pk": 1, "fields": {"nombre": "test1", "descripcion": null, "fecha_creacion": "2022-09-05T16:38:25.157Z", "fecha_modificacion": "2022-09-05T16:38:25.157Z", "scrumMaster": 1, "estado": null, "usuario": [1, 2]}}, {"model": "proyectos.proyecto", "pk": 2, "fields": {"nombre": "Proyecto test 2", "descripcion": null, "fecha_creacion": "2022-09-05T16:41:22.174Z", "fecha_modificacion": "2022-09-05T16:41:22.174Z", "scrumMaster": 1, "estado": null, "usuario": [1, 2]}}, {"model": "account.emailaddress", "pk": 1, "fields": {"user": 1, "email": "jlgutierrez2000@hotmail.com", "verified": false, "primary": true}}, {"model": "account.emailaddress", "pk": 2, "fields": {"user": 2, "email": "1nspect0r0fp855y@gmail.com", "verified": false, "primary": true}}, {"model": "socialaccount.socialaccount", "pk": 1, "fields": {"user": 1, "provider": "github", "uid": "46907456", "last_login": "2022-09-05T16:35:37.517Z", "date_joined": "2022-09-05T16:35:37.517Z", "extra_data": "{\"login\": \"jg2kpy\", \"id\": 46907456, \"node_id\": \"MDQ6VXNlcjQ2OTA3NDU2\", \"avatar_url\": \"https://avatars.githubusercontent.com/u/46907456?v=4\", \"gravatar_id\": \"\", \"url\": \"https://api.github.com/users/jg2kpy\", \"html_url\": \"https://github.com/jg2kpy\", \"followers_url\": \"https://api.github.com/users/jg2kpy/followers\", \"following_url\": \"https://api.github.com/users/jg2kpy/following{/other_user}\", \"gists_url\": \"https://api.github.com/users/jg2kpy/gists{/gist_id}\", \"starred_url\": \"https://api.github.com/users/jg2kpy/starred{/owner}{/repo}\", \"subscriptions_url\": \"https://api.github.com/users/jg2kpy/subscriptions\", \"organizations_url\": \"https://api.github.com/users/jg2kpy/orgs\", \"repos_url\": \"https://api.github.com/users/jg2kpy/repos\", \"events_url\": \"https://api.github.com/users/jg2kpy/events{/privacy}\", \"received_events_url\": \"https://api.github.com/users/jg2kpy/received_events\", \"type\": \"User\", \"site_admin\": false, \"name\": \"Jos\\u00e9 Luis Junior Guti\\u00e9rrez Ag\\u00fcero\", \"company\": \"Facultad Polit\\u00e9cnica - Universidad Nacional de Asunci\\u00f3n\", \"blog\": \"https://juniorgutierrez.com/\", \"location\": \"Asunci\\u00f3n, Paraguay\", \"email\": \"jlgutierrez2000@hotmail.com\", \"hireable\": null, \"bio\": \"Computer Science & Engineering student\", \"twitter_username\": \"jg2kpy\", \"public_repos\": 17, \"public_gists\": 0, \"followers\": 17, \"following\": 43, \"created_at\": \"2019-01-21T21:56:19Z\", \"updated_at\": \"2022-08-31T11:24:31Z\"}"}}, {"model": "socialaccount.socialaccount", "pk": 2, "fields": {"user": 2, "provider": "github", "uid": "111776546", "last_login": "2022-09-05T16:36:08.587Z", "date_joined": "2022-09-05T16:36:08.587Z", "extra_data": "{\"login\": \"gpaIS2Test\", \"id\": 111776546, \"node_id\": \"U_kgDOBqmTIg\", \"avatar_url\": \"https://avatars.githubusercontent.com/u/111776546?v=4\", \"gravatar_id\": \"\", \"url\": \"https://api.github.com/users/gpaIS2Test\", \"html_url\": \"https://github.com/gpaIS2Test\", \"followers_url\": \"https://api.github.com/users/gpaIS2Test/followers\", \"following_url\": \"https://api.github.com/users/gpaIS2Test/following{/other_user}\", \"gists_url\": \"https://api.github.com/users/gpaIS2Test/gists{/gist_id}\", \"starred_url\": \"https://api.github.com/users/gpaIS2Test/starred{/owner}{/repo}\", \"subscriptions_url\": \"https://api.github.com/users/gpaIS2Test/subscriptions\", \"organizations_url\": \"https://api.github.com/users/gpaIS2Test/orgs\", \"repos_url\": \"https://api.github.com/users/gpaIS2Test/repos\", \"events_url\": \"https://api.github.com/users/gpaIS2Test/events{/privacy}\", \"received_events_url\": \"https://api.github.com/users/gpaIS2Test/received_events\", \"type\": \"User\", \"site_admin\": false, \"name\": null, \"company\": null, \"blog\": \"\", \"location\": null, \"email\": \"1nspect0r0fp855y@gmail.com\", \"hireable\": null, \"bio\": null, \"twitter_username\": null, \"public_repos\": 0, \"public_gists\": 0, \"followers\": 0, \"following\": 0, \"created_at\": \"2022-08-22T16:18:24Z\", \"updated_at\": \"2022-09-05T16:36:04Z\"}"}}]