[
  {
    "model": "usuarios.usuario",
    "pk": 1,
    "fields": {
      "password": "!sV2UjHZKz02NFWPAqfMwlJNa0Br9bycKlWxleWfv",
      "last_login": "2022-11-04T14:36:54.752Z",
      "is_superuser": false,
      "email": "jlgutierrez2000@hotmail.com",
      "username": "",
      "direccion": "Asunción, Paraguay",
      "telefono": "",
      "is_staff": false,
      "is_active": true,
      "date_joined": "2022-11-04T14:36:54.694Z",
      "avatar_url": "https://avatars.githubusercontent.com/u/46907456?v=4",
      "first_name": "José",
      "last_name": "Luis Junior Gutiérrez Agüero",
      "groups": [],
      "user_permissions": []
    }
  },
  {
    "model": "usuarios.usuario",
    "pk": 2,
    "fields": {
      "password": "!hAjaiZ6DAep7veSSEldyeFlmtQ3WDcxCADQF4Yyy",
      "last_login": "2022-11-04T14:37:03.149Z",
      "is_superuser": false,
      "email": "dummygpais2test@gmail.com",
      "username": "",
      "direccion": null,
      "telefono": "",
      "is_staff": false,
      "is_active": true,
      "date_joined": "2022-11-04T14:37:03.110Z",
      "avatar_url": "https://avatars.githubusercontent.com/u/113201839?v=4",
      "first_name": "Cuenta",
      "last_name": "Secundaria",
      "groups": [],
      "user_permissions": []
    }
  },
  {
    "model": "usuarios.rolproyecto",
    "pk": 1,
    "fields": {
      "nombre": "Scrum Master",
      "descripcion": "Un Scrum Master es un facilitador para un equipo de desarrollo Agile.",
      "proyecto": null,
      "usuario": []
    }
  },
  {
    "model": "usuarios.rolproyecto",
    "pk": 2,
    "fields": {
      "nombre": "Product Owner",
      "descripcion": "Propietario del proyecto",
      "proyecto": null,
      "usuario": []
    }
  },
  {
    "model": "usuarios.rolproyecto",
    "pk": 3,
    "fields": {
      "nombre": "Member",
      "descripcion": "Miembro del proyecto",
      "proyecto": null,
      "usuario": []
    }
  },
  {
    "model": "usuarios.rolproyecto",
    "pk": 4,
    "fields": {
      "nombre": "Scrum Master",
      "descripcion": "Un Scrum Master es un facilitador para un equipo de desarrollo Agile.",
      "proyecto": 1,
      "usuario": [1]
    }
  },
  {
    "model": "usuarios.rolproyecto",
    "pk": 5,
    "fields": {
      "nombre": "Product Owner",
      "descripcion": "Propietario del proyecto",
      "proyecto": 1,
      "usuario": []
    }
  },
  {
    "model": "usuarios.rolproyecto",
    "pk": 6,
    "fields": {
      "nombre": "Member",
      "descripcion": "Miembro del proyecto",
      "proyecto": 1,
      "usuario": [2]
    }
  },
  {
    "model": "usuarios.rolproyecto",
    "pk": 7,
    "fields": {
      "nombre": "Scrum Master",
      "descripcion": "Un Scrum Master es un facilitador para un equipo de desarrollo Agile.",
      "proyecto": 2,
      "usuario": [2]
    }
  },
  {
    "model": "usuarios.rolproyecto",
    "pk": 8,
    "fields": {
      "nombre": "Product Owner",
      "descripcion": "Propietario del proyecto",
      "proyecto": 2,
      "usuario": []
    }
  },
  {
    "model": "usuarios.rolproyecto",
    "pk": 9,
    "fields": {
      "nombre": "Member",
      "descripcion": "Miembro del proyecto",
      "proyecto": 2,
      "usuario": [1]
    }
  },
  {
    "model": "usuarios.rolproyecto",
    "pk": 10,
    "fields": {
      "nombre": "Scrum Master",
      "descripcion": "Un Scrum Master es un facilitador para un equipo de desarrollo Agile.",
      "proyecto": 3,
      "usuario": [2]
    }
  },
  {
    "model": "usuarios.rolproyecto",
    "pk": 11,
    "fields": {
      "nombre": "Product Owner",
      "descripcion": "Propietario del proyecto",
      "proyecto": 3,
      "usuario": []
    }
  },
  {
    "model": "usuarios.rolproyecto",
    "pk": 12,
    "fields": {
      "nombre": "Member",
      "descripcion": "Miembro del proyecto",
      "proyecto": 3,
      "usuario": [1]
    }
  },
  {
    "model": "usuarios.rolproyecto",
    "pk": 13,
    "fields": {
      "nombre": "Rol para cancelar US",
      "descripcion": "Rol para cancelar US",
      "proyecto": 1,
      "usuario": []
    }
  },
  {
    "model": "usuarios.rolproyecto",
    "pk": 14,
    "fields": {
      "nombre": "Rol para cancelar US",
      "descripcion": "Rol para cancelar US",
      "proyecto": 2,
      "usuario": []
    }
  },
  {
    "model": "usuarios.rolsistema",
    "pk": 1,
    "fields": { "nombre": "gpa_admin", "descripcion": null, "usuario": [1] }
  },
  {
    "model": "usuarios.permisoproyecto",
    "pk": 1,
    "fields": {
      "nombre": "pro_cambiarEstadoProyecto",
      "descripcion": "Cambiar de estado al proyecto",
      "rol": [1, 4, 7, 10]
    }
  },
  {
    "model": "usuarios.permisoproyecto",
    "pk": 2,
    "fields": {
      "nombre": "pro_especificarFechaFinProyecto",
      "descripcion": "Especificar la fecha de fin de proyecto",
      "rol": [1, 4, 7, 10]
    }
  },
  {
    "model": "usuarios.permisoproyecto",
    "pk": 3,
    "fields": {
      "nombre": "pro_crearRolProyecto",
      "descripcion": "Crear rol de proyecto",
      "rol": [1, 4, 7, 10]
    }
  },
  {
    "model": "usuarios.permisoproyecto",
    "pk": 4,
    "fields": {
      "nombre": "pro_asignarRolProyecto",
      "descripcion": "Asignar rol de proyecto",
      "rol": [1, 4, 7, 10]
    }
  },
  {
    "model": "usuarios.permisoproyecto",
    "pk": 5,
    "fields": {
      "nombre": "pro_editarRolProyecto",
      "descripcion": "Editar rol de proyecto",
      "rol": [1, 4, 7, 10]
    }
  },
  {
    "model": "usuarios.permisoproyecto",
    "pk": 6,
    "fields": {
      "nombre": "pro_importarRol",
      "descripcion": "Importar rol de proyecto custom entre proyectos",
      "rol": [1, 4, 7, 10]
    }
  },
  {
    "model": "usuarios.permisoproyecto",
    "pk": 7,
    "fields": {
      "nombre": "pro_asignarMiembros",
      "descripcion": "Agregar miembros al equipo durante la planificacion/ejecucion del Proyecto",
      "rol": [1, 4, 7, 10]
    }
  },
  {
    "model": "usuarios.permisoproyecto",
    "pk": 8,
    "fields": {
      "nombre": "pro_iniciarSprint",
      "descripcion": "Iniciar sprint",
      "rol": [1, 4, 7, 10]
    }
  },
  {
    "model": "usuarios.permisoproyecto",
    "pk": 9,
    "fields": {
      "nombre": "pro_especificarTiempoDeSprint",
      "descripcion": "Especificar el tiempo del Sprint",
      "rol": [1, 4, 7, 10]
    }
  },
  {
    "model": "usuarios.permisoproyecto",
    "pk": 10,
    "fields": {
      "nombre": "pro_crearTipoUS",
      "descripcion": "Crear un tipo de US",
      "rol": [1, 4, 7, 10]
    }
  },
  {
    "model": "usuarios.permisoproyecto",
    "pk": 11,
    "fields": {
      "nombre": "pro_eliminarTipoUS",
      "descripcion": "Eliminar un tipo de US",
      "rol": [1, 4, 7, 10]
    }
  },
  {
    "model": "usuarios.permisoproyecto",
    "pk": 12,
    "fields": {
      "nombre": "pro_importarTipoUS",
      "descripcion": "Importar tipos de US entre proyectos",
      "rol": [1, 4, 7, 10]
    }
  },
  {
    "model": "usuarios.permisoproyecto",
    "pk": 13,
    "fields": {
      "nombre": "pro_cambiarEstadoSprint",
      "descripcion": "Cambiar de estado al Sprint",
      "rol": [1, 4, 7, 10]
    }
  },
  {
    "model": "usuarios.permisoproyecto",
    "pk": 14,
    "fields": {
      "nombre": "pro_asignarUS",
      "descripcion": "Asignar US a un miembro",
      "rol": [1, 4, 7, 10]
    }
  },
  {
    "model": "usuarios.permisoproyecto",
    "pk": 15,
    "fields": {
      "nombre": "pro_cambiarUsuarioAsignadoUS",
      "descripcion": "Cambiar a quien esta asignado un US",
      "rol": [1, 4, 7, 10]
    }
  },
  {
    "model": "usuarios.permisoproyecto",
    "pk": 16,
    "fields": {
      "nombre": "pro_modificarUS",
      "descripcion": "Modificar una historia de Usuario",
      "rol": [1, 4, 7, 10]
    }
  },
  {
    "model": "usuarios.permisoproyecto",
    "pk": 17,
    "fields": {
      "nombre": "pro_cargarUSalBacklog",
      "descripcion": "Cargar US al product backlog",
      "rol": [1, 2, 4, 5, 7, 8, 10, 11]
    }
  },
  {
    "model": "usuarios.permisoproyecto",
    "pk": 18,
    "fields": {
      "nombre": "pro_asignarBVaUS",
      "descripcion": "Asignar BV a un US que esta en product backlog",
      "rol": [1, 4, 7, 10]
    }
  },
  {
    "model": "usuarios.permisoproyecto",
    "pk": 19,
    "fields": {
      "nombre": "pro_cancelarUS",
      "descripcion": "Cancelar una historia de Usuario",
      "rol": [1, 4, 7, 10, 13, 14]
    }
  },
  {
    "model": "usuarios.permisoproyecto",
    "pk": 20,
    "fields": {
      "nombre": "pro_cancelarSprint",
      "descripcion": "Cancelar Sprint",
      "rol": [1, 4, 7, 10]
    }
  },
  {
    "model": "usuarios.permisoproyecto",
    "pk": 21,
    "fields": {
      "nombre": "pro_eliminarMiembros",
      "descripcion": "Eliminar miembros",
      "rol": [1, 4, 7, 10]
    }
  },
  {
    "model": "usuarios.permisoproyecto",
    "pk": 22,
    "fields": {
      "nombre": "pro_generarReportes",
      "descripcion": "Generar los reportes",
      "rol": [1, 4, 7, 10]
    }
  },
  {
    "model": "usuarios.permisoproyecto",
    "pk": 23,
    "fields": {
      "nombre": "pro_verproyecto",
      "descripcion": "Ver el proyecto, pero no modificar nada",
      "rol": [2, 5, 8, 11]
    }
  },
  {
    "model": "usuarios.permisoproyecto",
    "pk": 24,
    "fields": {
      "nombre": "pro_cambiarEstadoUS",
      "descripcion": "Cambiar estado del US que tiene asignado",
      "rol": [3, 6, 9, 12]
    }
  },
  {
    "model": "usuarios.permisoproyecto",
    "pk": 25,
    "fields": {
      "nombre": "pro_asignarUPaUS",
      "descripcion": "Asignar UP a un US que esta en product backlog",
      "rol": [3, 6, 9, 12]
    }
  },
  {
    "model": "usuarios.permisoproyecto",
    "pk": 26,
    "fields": {
      "nombre": "pro_agregarRetroespectiva",
      "descripcion": "Agregar retroespectiva",
      "rol": [1, 4, 7, 10]
    }
  },
  {
    "model": "usuarios.permisosistema",
    "pk": 1,
    "fields": {
      "nombre": "sys_crearproyectos",
      "descripcion": "Crear proyectos",
      "rol": [1]
    }
  },
  {
    "model": "usuarios.permisosistema",
    "pk": 2,
    "fields": {
      "nombre": "sys_asignarmaster",
      "descripcion": "Asignar Scrum Master",
      "rol": [1]
    }
  },
  {
    "model": "usuarios.permisosistema",
    "pk": 3,
    "fields": {
      "nombre": "sys_crearrolsistema",
      "descripcion": "Crear Rol del sistema",
      "rol": [1]
    }
  },
  {
    "model": "usuarios.permisosistema",
    "pk": 4,
    "fields": {
      "nombre": "sys_importarusuarios",
      "descripcion": "Importar usuarios atravez de SSO y elegir su rol o permisos",
      "rol": [1]
    }
  },
  {
    "model": "usuarios.permisosistema",
    "pk": 5,
    "fields": {
      "nombre": "sys_eliminarUsuarios",
      "descripcion": "Eliminar usuario",
      "rol": [1]
    }
  },
  {
    "model": "usuarios.notificacion",
    "pk": 1,
    "fields": {
      "fecha": "2022-11-04T14:38:41.283Z",
      "usuario": 2,
      "descripcion": "Usted ha sido añadido al proyecto Proyecto 1 con el rol Member",
      "leido": false
    }
  },
  {
    "model": "usuarios.notificacion",
    "pk": 2,
    "fields": {
      "fecha": "2022-11-04T14:41:31.305Z",
      "usuario": 1,
      "descripcion": "Se le ha asignado la historia de usuario US 2 perteneciente al sprint Sprint 1 dentro del proyecto Proyecto 1",
      "leido": true
    }
  },
  {
    "model": "usuarios.notificacion",
    "pk": 3,
    "fields": {
      "fecha": "2022-11-04T14:41:31.312Z",
      "usuario": 2,
      "descripcion": "Se le ha asignado la historia de usuario US 1 perteneciente al sprint Sprint 1 dentro del proyecto Proyecto 1",
      "leido": false
    }
  },
  {
    "model": "usuarios.notificacion",
    "pk": 4,
    "fields": {
      "fecha": "2022-11-04T14:41:31.317Z",
      "usuario": 2,
      "descripcion": "Se le ha asignado la historia de usuario US 3 perteneciente al sprint Sprint 1 dentro del proyecto Proyecto 1",
      "leido": false
    }
  },
  {
    "model": "usuarios.notificacion",
    "pk": 5,
    "fields": {
      "fecha": "2022-11-04T14:42:40.820Z",
      "usuario": 1,
      "descripcion": "El usuario jlgutierrez2000@hotmail.com ha marcado 30 horas de trabajo en la historia de usuario US 2 perteneciente al sprint Sprint 1 dentro del proyecto Proyecto 1",
      "leido": true
    }
  },
  {
    "model": "usuarios.notificacion",
    "pk": 6,
    "fields": {
      "fecha": "2022-11-04T14:42:55.242Z",
      "usuario": 1,
      "descripcion": "La historia de usuario US 2 perteneciente al sprint Sprint 1 dentro del proyecto Proyecto 1 pasó a etapa DOING",
      "leido": true
    }
  },
  {
    "model": "usuarios.notificacion",
    "pk": 7,
    "fields": {
      "fecha": "2022-11-04T14:44:12.256Z",
      "usuario": 2,
      "descripcion": "El usuario jlgutierrez2000@hotmail.com ha marcado 15 horas de trabajo en la historia de usuario US 1 perteneciente al sprint Sprint 1 dentro del proyecto Proyecto 1",
      "leido": false
    }
  },
  {
    "model": "usuarios.notificacion",
    "pk": 8,
    "fields": {
      "fecha": "2022-11-04T14:44:15.235Z",
      "usuario": 2,
      "descripcion": "La historia de usuario US 1 perteneciente al sprint Sprint 1 dentro del proyecto Proyecto 1 pasó a etapa DOING",
      "leido": false
    }
  },
  {
    "model": "usuarios.notificacion",
    "pk": 9,
    "fields": {
      "fecha": "2022-11-04T14:45:27.080Z",
      "usuario": 2,
      "descripcion": "El usuario jlgutierrez2000@hotmail.com ha marcado 15 horas de trabajo en la historia de usuario US 3 perteneciente al sprint Sprint 1 dentro del proyecto Proyecto 1",
      "leido": false
    }
  },
  {
    "model": "usuarios.notificacion",
    "pk": 10,
    "fields": {
      "fecha": "2022-11-04T14:45:29.475Z",
      "usuario": 2,
      "descripcion": "La historia de usuario US 3 perteneciente al sprint Sprint 1 dentro del proyecto Proyecto 1 pasó a etapa DOING",
      "leido": false
    }
  },
  {
    "model": "usuarios.notificacion",
    "pk": 11,
    "fields": {
      "fecha": "2022-11-04T14:45:51.001Z",
      "usuario": 1,
      "descripcion": "El usuario jlgutierrez2000@hotmail.com ha marcado 30 horas de trabajo en la historia de usuario US 2 perteneciente al sprint Sprint 1 dentro del proyecto Proyecto 1",
      "leido": true
    }
  },
  {
    "model": "usuarios.notificacion",
    "pk": 12,
    "fields": {
      "fecha": "2022-11-04T14:45:53.990Z",
      "usuario": 1,
      "descripcion": "La historia de usuario US 2 perteneciente al sprint Sprint 1 dentro del proyecto Proyecto 1 pasó a etapa DONE",
      "leido": true
    }
  },
  {
    "model": "usuarios.notificacion",
    "pk": 13,
    "fields": {
      "fecha": "2022-11-04T14:46:03.029Z",
      "usuario": 2,
      "descripcion": "El usuario jlgutierrez2000@hotmail.com ha marcado 15 horas de trabajo en la historia de usuario US 1 perteneciente al sprint Sprint 1 dentro del proyecto Proyecto 1",
      "leido": false
    }
  },
  {
    "model": "usuarios.notificacion",
    "pk": 14,
    "fields": {
      "fecha": "2022-11-04T14:46:08.572Z",
      "usuario": 2,
      "descripcion": "La historia de usuario US 1 perteneciente al sprint Sprint 1 dentro del proyecto Proyecto 1 pasó a etapa DONE",
      "leido": false
    }
  },
  {
    "model": "usuarios.notificacion",
    "pk": 15,
    "fields": {
      "fecha": "2022-11-04T14:46:16.686Z",
      "usuario": 2,
      "descripcion": "El usuario jlgutierrez2000@hotmail.com ha marcado 30 horas de trabajo en la historia de usuario US 3 perteneciente al sprint Sprint 1 dentro del proyecto Proyecto 1",
      "leido": false
    }
  },
  {
    "model": "usuarios.notificacion",
    "pk": 16,
    "fields": {
      "fecha": "2022-11-04T14:46:22.491Z",
      "usuario": 2,
      "descripcion": "La historia de usuario US 3 perteneciente al sprint Sprint 1 dentro del proyecto Proyecto 1 pasó a etapa DONE",
      "leido": false
    }
  },
  {
    "model": "usuarios.notificacion",
    "pk": 17,
    "fields": {
      "fecha": "2022-11-04T14:47:16.286Z",
      "usuario": 1,
      "descripcion": "El usuario jlgutierrez2000@hotmail.com ha marcado 30 horas de trabajo en la historia de usuario US 2 perteneciente al sprint Sprint 1 dentro del proyecto Proyecto 1",
      "leido": false
    }
  },
  {
    "model": "usuarios.notificacion",
    "pk": 18,
    "fields": {
      "fecha": "2022-11-04T14:47:19.140Z",
      "usuario": 1,
      "descripcion": "La historia de usuario US 2 perteneciente al sprint Sprint 1 dentro del proyecto Proyecto 1 pasa a estado Terminado",
      "leido": false
    }
  },
  {
    "model": "usuarios.notificacion",
    "pk": 19,
    "fields": {
      "fecha": "2022-11-04T14:47:27.343Z",
      "usuario": 2,
      "descripcion": "El usuario jlgutierrez2000@hotmail.com ha marcado 30 horas de trabajo en la historia de usuario US 1 perteneciente al sprint Sprint 1 dentro del proyecto Proyecto 1",
      "leido": false
    }
  },
  {
    "model": "usuarios.notificacion",
    "pk": 20,
    "fields": {
      "fecha": "2022-11-04T14:47:37.551Z",
      "usuario": 2,
      "descripcion": "La historia de usuario US 1 perteneciente al sprint Sprint 1 dentro del proyecto Proyecto 1 pasa a estado Terminado",
      "leido": false
    }
  },
  {
    "model": "usuarios.notificacion",
    "pk": 21,
    "fields": {
      "fecha": "2022-11-04T14:47:52.793Z",
      "usuario": 2,
      "descripcion": "El usuario jlgutierrez2000@hotmail.com ha marcado 15 horas de trabajo en la historia de usuario US 3 perteneciente al sprint Sprint 1 dentro del proyecto Proyecto 1",
      "leido": false
    }
  },
  {
    "model": "usuarios.notificacion",
    "pk": 22,
    "fields": {
      "fecha": "2022-11-04T14:47:55.629Z",
      "usuario": 2,
      "descripcion": "La historia de usuario US 3 perteneciente al sprint Sprint 1 dentro del proyecto Proyecto 1 pasa a estado Terminado",
      "leido": false
    }
  },
  {
    "model": "usuarios.notificacion",
    "pk": 23,
    "fields": {
      "fecha": "2022-11-04T14:47:57.789Z",
      "usuario": 1,
      "descripcion": "El sprint Sprint 1 perteneciente al proyecto Proyecto 1 pasa a estado Terminado",
      "leido": false
    }
  },
  {
    "model": "usuarios.notificacion",
    "pk": 24,
    "fields": {
      "fecha": "2022-11-04T14:47:57.791Z",
      "usuario": 2,
      "descripcion": "El sprint Sprint 1 perteneciente al proyecto Proyecto 1 pasa a estado Terminado",
      "leido": false
    }
  },
  {
    "model": "usuarios.notificacion",
    "pk": 25,
    "fields": {
      "fecha": "2022-11-04T14:53:47.566Z",
      "usuario": 1,
      "descripcion": "Usted ha sido añadido al proyecto Proyecto 2 con el rol Member",
      "leido": false
    }
  },
  {
    "model": "usuarios.notificacion",
    "pk": 26,
    "fields": {
      "fecha": "2022-11-04T14:55:43.622Z",
      "usuario": 1,
      "descripcion": "Se le ha asignado la historia de usuario US 5 perteneciente al sprint Sprint 2 dentro del proyecto Proyecto 2",
      "leido": false
    }
  },
  {
    "model": "usuarios.notificacion",
    "pk": 27,
    "fields": {
      "fecha": "2022-11-04T14:55:43.628Z",
      "usuario": 1,
      "descripcion": "Se le ha asignado la historia de usuario US 4 perteneciente al sprint Sprint 2 dentro del proyecto Proyecto 2",
      "leido": false
    }
  },
  {
    "model": "usuarios.notificacion",
    "pk": 28,
    "fields": {
      "fecha": "2022-11-04T14:55:43.632Z",
      "usuario": 2,
      "descripcion": "Se le ha asignado la historia de usuario US 6 perteneciente al sprint Sprint 2 dentro del proyecto Proyecto 2",
      "leido": false
    }
  },
  {
    "model": "usuarios.notificacion",
    "pk": 29,
    "fields": {
      "fecha": "2022-11-04T14:56:50.960Z",
      "usuario": 1,
      "descripcion": "El usuario dummygpais2test@gmail.com ha marcado 15 horas de trabajo en la historia de usuario US 5 perteneciente al sprint Sprint 2 dentro del proyecto Proyecto 2",
      "leido": false
    }
  },
  {
    "model": "usuarios.notificacion",
    "pk": 30,
    "fields": {
      "fecha": "2022-11-04T14:56:55.395Z",
      "usuario": 1,
      "descripcion": "La historia de usuario US 5 perteneciente al sprint Sprint 2 dentro del proyecto Proyecto 2 pasó a etapa DOING",
      "leido": false
    }
  },
  {
    "model": "usuarios.notificacion",
    "pk": 31,
    "fields": {
      "fecha": "2022-11-04T14:57:21.212Z",
      "usuario": 1,
      "descripcion": "Usted ha sido desasignado de la historia de usuario US 5 perteneciente al proyecto Proyecto 2",
      "leido": false
    }
  },
  {
    "model": "usuarios.notificacion",
    "pk": 32,
    "fields": {
      "fecha": "2022-11-04T14:57:21.222Z",
      "usuario": 2,
      "descripcion": "Usted ha sido asignado a la historia de usuario US 5 perteneciente al proyecto Proyecto 2",
      "leido": false
    }
  },
  {
    "model": "usuarios.notificacion",
    "pk": 33,
    "fields": {
      "fecha": "2022-11-04T14:57:34.551Z",
      "usuario": 1,
      "descripcion": "El usuario dummygpais2test@gmail.com ha marcado 150 horas de trabajo en la historia de usuario US 4 perteneciente al sprint Sprint 2 dentro del proyecto Proyecto 2",
      "leido": false
    }
  },
  {
    "model": "usuarios.notificacion",
    "pk": 34,
    "fields": {
      "fecha": "2022-11-04T14:57:39.870Z",
      "usuario": 1,
      "descripcion": "La historia de usuario US 4 perteneciente al sprint Sprint 2 dentro del proyecto Proyecto 2 pasó a etapa DOING",
      "leido": false
    }
  },
  {
    "model": "usuarios.notificacion",
    "pk": 35,
    "fields": {
      "fecha": "2022-11-04T14:57:54.515Z",
      "usuario": 2,
      "descripcion": "El usuario dummygpais2test@gmail.com ha marcado 15 horas de trabajo en la historia de usuario US 5 perteneciente al sprint Sprint 2 dentro del proyecto Proyecto 2",
      "leido": false
    }
  },
  {
    "model": "usuarios.notificacion",
    "pk": 36,
    "fields": {
      "fecha": "2022-11-04T14:57:58.199Z",
      "usuario": 2,
      "descripcion": "La historia de usuario US 5 perteneciente al sprint Sprint 2 dentro del proyecto Proyecto 2 pasó a etapa DONE",
      "leido": false
    }
  },
  {
    "model": "usuarios.notificacion",
    "pk": 37,
    "fields": {
      "fecha": "2022-11-04T14:58:05.424Z",
      "usuario": 1,
      "descripcion": "El sprint Sprint 2 perteneciente al proyecto Proyecto 2 pasa a estado Terminado",
      "leido": false
    }
  },
  {
    "model": "usuarios.notificacion",
    "pk": 38,
    "fields": {
      "fecha": "2022-11-04T14:58:05.427Z",
      "usuario": 2,
      "descripcion": "El sprint Sprint 2 perteneciente al proyecto Proyecto 2 pasa a estado Terminado",
      "leido": false
    }
  },
  {
    "model": "usuarios.notificacion",
    "pk": 39,
    "fields": {
      "fecha": "2022-11-04T14:59:23.635Z",
      "usuario": 1,
      "descripcion": "Se le ha asignado la historia de usuario US 5 perteneciente al sprint Sprint 3 en proyecto 2 dentro del proyecto Proyecto 2",
      "leido": false
    }
  },
  {
    "model": "usuarios.notificacion",
    "pk": 40,
    "fields": {
      "fecha": "2022-11-04T14:59:23.640Z",
      "usuario": 2,
      "descripcion": "Se le ha asignado la historia de usuario US 4 perteneciente al sprint Sprint 3 en proyecto 2 dentro del proyecto Proyecto 2",
      "leido": false
    }
  },
  {
    "model": "usuarios.notificacion",
    "pk": 41,
    "fields": {
      "fecha": "2022-11-04T14:59:23.645Z",
      "usuario": 1,
      "descripcion": "Se le ha asignado la historia de usuario US 6 perteneciente al sprint Sprint 3 en proyecto 2 dentro del proyecto Proyecto 2",
      "leido": false
    }
  },
  {
    "model": "usuarios.notificacion",
    "pk": 42,
    "fields": {
      "fecha": "2022-11-04T14:59:44.215Z",
      "usuario": 1,
      "descripcion": "El usuario dummygpais2test@gmail.com ha marcado 45 horas de trabajo en la historia de usuario US 6 perteneciente al sprint Sprint 3 en proyecto 2 dentro del proyecto Proyecto 2",
      "leido": false
    }
  },
  {
    "model": "usuarios.notificacion",
    "pk": 43,
    "fields": {
      "fecha": "2022-11-04T14:59:46.346Z",
      "usuario": 1,
      "descripcion": "La historia de usuario US 6 perteneciente al sprint Sprint 3 en proyecto 2 dentro del proyecto Proyecto 2 pasó a etapa DOING",
      "leido": false
    }
  },
  {
    "model": "usuarios.notificacion",
    "pk": 44,
    "fields": {
      "fecha": "2022-11-04T15:00:08.470Z",
      "usuario": 1,
      "descripcion": "Usted ha sido añadido al proyecto Proyecto 3 con el rol Member",
      "leido": false
    }
  },
  {
    "model": "proyectos.proyecto",
    "pk": 1,
    "fields": {
      "nombre": "Proyecto 1",
      "descripcion": "Proyecto 1",
      "fecha_creacion": "2022-11-04T14:37:26.082Z",
      "fecha_modificacion": "2022-11-04T14:50:58.199Z",
      "scrumMaster": 1,
      "estado": "Planificación",
      "minimo_dias_sprint": 15,
      "maximo_dias_sprint": 30,
      "usuario": [1, 2]
    }
  },
  {
    "model": "proyectos.proyecto",
    "pk": 2,
    "fields": {
      "nombre": "Proyecto 2",
      "descripcion": "Proyecto 2",
      "fecha_creacion": "2022-11-04T14:37:34.556Z",
      "fecha_modificacion": "2022-11-04T14:59:30.622Z",
      "scrumMaster": 2,
      "estado": "Ejecución",
      "minimo_dias_sprint": 15,
      "maximo_dias_sprint": 30,
      "usuario": [2, 1]
    }
  },
  {
    "model": "proyectos.proyecto",
    "pk": 3,
    "fields": {
      "nombre": "Proyecto 3",
      "descripcion": "Proyecto 3",
      "fecha_creacion": "2022-11-04T14:37:41.258Z",
      "fecha_modificacion": "2022-11-04T14:37:41.258Z",
      "scrumMaster": 2,
      "estado": "Planificacion",
      "minimo_dias_sprint": 15,
      "maximo_dias_sprint": 30,
      "usuario": [2, 1]
    }
  },
  {
    "model": "proyectos.archivoburndown",
    "pk": 1,
    "fields": {
      "nombre": "bdChart_1_1",
      "fecha_subida": "2022-11-04T14:48:22.774Z",
      "archivo": "app/staticfiles/bdChart_1_1_h39scyE.png"
    }
  },
  {
    "model": "proyectos.archivovelocity",
    "pk": 1,
    "fields": {
      "nombre": "velocityChart_1",
      "fecha_subida": "2022-11-04T14:48:25.717Z",
      "proyecto": 1,
      "archivo": "app/staticfiles/velocityChart_Proyecto_11.png"
    }
  },
  {
    "model": "proyectos.sprint",
    "pk": 1,
    "fields": {
      "fecha_inicio": "2022-11-04T14:42:19.752Z",
      "fecha_fin": "2022-11-04T14:47:57.779Z",
      "proyecto": 1,
      "estado": "Terminado",
      "duracion": 15,
      "nombre": "Sprint 1",
      "descripcion": "Sprint 1",
      "burndownChart": 1
    }
  },
  {
    "model": "proyectos.sprint",
    "pk": 2,
    "fields": {
      "fecha_inicio": null,
      "fecha_fin": "2022-11-04T14:50:58.188Z",
      "proyecto": 1,
      "estado": "Cancelado",
      "duracion": 15,
      "nombre": "Sprint para cancelar",
      "descripcion": "Sprint para cancelar",
      "burndownChart": null
    }
  },
  {
    "model": "proyectos.sprint",
    "pk": 3,
    "fields": {
      "fecha_inicio": "2022-11-04T14:55:57.211Z",
      "fecha_fin": "2022-11-04T14:58:05.421Z",
      "proyecto": 2,
      "estado": "Terminado",
      "duracion": 15,
      "nombre": "Sprint 2",
      "descripcion": "Sprint 2",
      "burndownChart": null
    }
  },
  {
    "model": "proyectos.sprint",
    "pk": 4,
    "fields": {
      "fecha_inicio": "2022-11-04T14:59:30.600Z",
      "fecha_fin": "2022-11-24T14:59:30.600Z",
      "proyecto": 2,
      "estado": "Desarrollo",
      "duracion": 15,
      "nombre": "Sprint 3 en proyecto 2",
      "descripcion": "Sprint 3 en proyecto 2",
      "burndownChart": null
    }
  },
  {
    "model": "proyectos.usuariotiempoensprint",
    "pk": 1,
    "fields": { "sprint": 1, "usuario": 1, "horas": 6 }
  },
  {
    "model": "proyectos.usuariotiempoensprint",
    "pk": 2,
    "fields": { "sprint": 1, "usuario": 2, "horas": 6 }
  },
  {
    "model": "proyectos.usuariotiempoensprint",
    "pk": 3,
    "fields": { "sprint": 2, "usuario": 1, "horas": 0 }
  },
  {
    "model": "proyectos.usuariotiempoensprint",
    "pk": 4,
    "fields": { "sprint": 2, "usuario": 2, "horas": 0 }
  },
  {
    "model": "proyectos.usuariotiempoensprint",
    "pk": 5,
    "fields": { "sprint": 3, "usuario": 1, "horas": 6 }
  },
  {
    "model": "proyectos.usuariotiempoensprint",
    "pk": 6,
    "fields": { "sprint": 3, "usuario": 2, "horas": 6 }
  },
  {
    "model": "proyectos.usuariotiempoensprint",
    "pk": 7,
    "fields": { "sprint": 4, "usuario": 1, "horas": 6 }
  },
  {
    "model": "proyectos.usuariotiempoensprint",
    "pk": 8,
    "fields": { "sprint": 4, "usuario": 2, "horas": 6 }
  },
  {
    "model": "proyectos.feriado",
    "pk": 1,
    "fields": {
      "proyecto": 1,
      "descripcion": "Feriado 1",
      "fecha": "2022-11-09T03:00:00Z"
    }
  },
  {
    "model": "proyectos.feriado",
    "pk": 2,
    "fields": {
      "proyecto": 1,
      "descripcion": "Feriado 2",
      "fecha": "2022-11-11T03:00:00Z"
    }
  },
  {
    "model": "historias_usuario.tipohistoriaususario",
    "pk": 1,
    "fields": {
      "nombre": "Default",
      "descripcion": "Tipo de historia de usuario por defecto en el sistema",
      "proyecto": null
    }
  },
  {
    "model": "historias_usuario.tipohistoriaususario",
    "pk": 2,
    "fields": {
      "nombre": "Default",
      "descripcion": "Tipo de historia de usuario por defecto en el sistema",
      "proyecto": 1
    }
  },
  {
    "model": "historias_usuario.tipohistoriaususario",
    "pk": 3,
    "fields": {
      "nombre": "Default",
      "descripcion": "Tipo de historia de usuario por defecto en el sistema",
      "proyecto": 2
    }
  },
  {
    "model": "historias_usuario.tipohistoriaususario",
    "pk": 4,
    "fields": {
      "nombre": "Default",
      "descripcion": "Tipo de historia de usuario por defecto en el sistema",
      "proyecto": 3
    }
  },
  {
    "model": "historias_usuario.tipohistoriaususario",
    "pk": 5,
    "fields": { "nombre": "Tipo ABC", "descripcion": "Tipo ABC", "proyecto": 1 }
  },
  {
    "model": "historias_usuario.tipohistoriaususario",
    "pk": 6,
    "fields": { "nombre": "Tipo ABC", "descripcion": "Tipo ABC", "proyecto": 2 }
  },
  {
    "model": "historias_usuario.etapahistoriausuario",
    "pk": 1,
    "fields": {
      "nombre": "TO DO",
      "descripcion": "TO DO",
      "orden": 0,
      "TipoHistoriaUsusario": 1
    }
  },
  {
    "model": "historias_usuario.etapahistoriausuario",
    "pk": 4,
    "fields": {
      "nombre": "DOING",
      "descripcion": "DOING",
      "orden": 1,
      "TipoHistoriaUsusario": 1
    }
  },
  {
    "model": "historias_usuario.etapahistoriausuario",
    "pk": 5,
    "fields": {
      "nombre": "DONE",
      "descripcion": "DONE",
      "orden": 2,
      "TipoHistoriaUsusario": 1
    }
  },
  {
    "model": "historias_usuario.etapahistoriausuario",
    "pk": 6,
    "fields": {
      "nombre": "TO DO",
      "descripcion": "TO DO",
      "orden": 0,
      "TipoHistoriaUsusario": 2
    }
  },
  {
    "model": "historias_usuario.etapahistoriausuario",
    "pk": 7,
    "fields": {
      "nombre": "DOING",
      "descripcion": "DOING",
      "orden": 1,
      "TipoHistoriaUsusario": 2
    }
  },
  {
    "model": "historias_usuario.etapahistoriausuario",
    "pk": 8,
    "fields": {
      "nombre": "DONE",
      "descripcion": "DONE",
      "orden": 2,
      "TipoHistoriaUsusario": 2
    }
  },
  {
    "model": "historias_usuario.etapahistoriausuario",
    "pk": 9,
    "fields": {
      "nombre": "TO DO",
      "descripcion": "TO DO",
      "orden": 0,
      "TipoHistoriaUsusario": 3
    }
  },
  {
    "model": "historias_usuario.etapahistoriausuario",
    "pk": 10,
    "fields": {
      "nombre": "DOING",
      "descripcion": "DOING",
      "orden": 1,
      "TipoHistoriaUsusario": 3
    }
  },
  {
    "model": "historias_usuario.etapahistoriausuario",
    "pk": 11,
    "fields": {
      "nombre": "DONE",
      "descripcion": "DONE",
      "orden": 2,
      "TipoHistoriaUsusario": 3
    }
  },
  {
    "model": "historias_usuario.etapahistoriausuario",
    "pk": 12,
    "fields": {
      "nombre": "TO DO",
      "descripcion": "TO DO",
      "orden": 0,
      "TipoHistoriaUsusario": 4
    }
  },
  {
    "model": "historias_usuario.etapahistoriausuario",
    "pk": 13,
    "fields": {
      "nombre": "DOING",
      "descripcion": "DOING",
      "orden": 1,
      "TipoHistoriaUsusario": 4
    }
  },
  {
    "model": "historias_usuario.etapahistoriausuario",
    "pk": 14,
    "fields": {
      "nombre": "DONE",
      "descripcion": "DONE",
      "orden": 2,
      "TipoHistoriaUsusario": 4
    }
  },
  {
    "model": "historias_usuario.etapahistoriausuario",
    "pk": 15,
    "fields": {
      "nombre": "Etapa A",
      "descripcion": "",
      "orden": 0,
      "TipoHistoriaUsusario": 5
    }
  },
  {
    "model": "historias_usuario.etapahistoriausuario",
    "pk": 16,
    "fields": {
      "nombre": "Etapa B",
      "descripcion": "",
      "orden": 1,
      "TipoHistoriaUsusario": 5
    }
  },
  {
    "model": "historias_usuario.etapahistoriausuario",
    "pk": 17,
    "fields": {
      "nombre": "Etapa C",
      "descripcion": "",
      "orden": 2,
      "TipoHistoriaUsusario": 5
    }
  },
  {
    "model": "historias_usuario.etapahistoriausuario",
    "pk": 18,
    "fields": {
      "nombre": "Etapa A",
      "descripcion": "",
      "orden": 0,
      "TipoHistoriaUsusario": 6
    }
  },
  {
    "model": "historias_usuario.etapahistoriausuario",
    "pk": 19,
    "fields": {
      "nombre": "Etapa B",
      "descripcion": "",
      "orden": 1,
      "TipoHistoriaUsusario": 6
    }
  },
  {
    "model": "historias_usuario.etapahistoriausuario",
    "pk": 20,
    "fields": {
      "nombre": "Etapa C",
      "descripcion": "",
      "orden": 2,
      "TipoHistoriaUsusario": 6
    }
  },
  {
    "model": "historias_usuario.historiausuario",
    "pk": 1,
    "fields": {
      "nombre": "US para cancelar",
      "descripcion": "US para cancelar",
      "fecha_creacion": "2022-11-04T14:39:25.764Z",
      "fecha_modificacion": "2022-11-04T14:39:29.372Z",
      "sprint": null,
      "etapa": null,
      "tipo": 2,
      "versionPrevia": null,
      "up": 50,
      "bv": 50,
      "usuarioAsignado": null,
      "horasAsignadas": 0,
      "proyecto": 1,
      "estado": "C",
      "archivos": []
    }
  },
  {
    "model": "historias_usuario.historiausuario",
    "pk": 2,
    "fields": {
      "nombre": "US 1",
      "descripcion": "US 1",
      "fecha_creacion": "2022-11-04T14:47:37.538Z",
      "fecha_modificacion": "2022-11-04T14:47:37.553Z",
      "sprint": 1,
      "etapa": 8,
      "tipo": 2,
      "versionPrevia": 12,
      "up": 50,
      "bv": 50,
      "usuarioAsignado": 2,
      "horasAsignadas": 45,
      "proyecto": 1,
      "estado": "T",
      "archivos": []
    }
  },
  {
    "model": "historias_usuario.historiausuario",
    "pk": 3,
    "fields": {
      "nombre": "US 2",
      "descripcion": "US 2",
      "fecha_creacion": "2022-11-04T14:47:19.128Z",
      "fecha_modificacion": "2022-11-04T14:47:19.143Z",
      "sprint": 1,
      "etapa": 8,
      "tipo": 2,
      "versionPrevia": 11,
      "up": 25,
      "bv": 75,
      "usuarioAsignado": 1,
      "horasAsignadas": 90,
      "proyecto": 1,
      "estado": "T",
      "archivos": []
    }
  },
  {
    "model": "historias_usuario.historiausuario",
    "pk": 4,
    "fields": {
      "nombre": "US 3",
      "descripcion": "US 3",
      "fecha_creacion": "2022-11-04T14:47:55.615Z",
      "fecha_modificacion": "2022-11-04T14:47:55.631Z",
      "sprint": 1,
      "etapa": 8,
      "tipo": 2,
      "versionPrevia": 13,
      "up": 75,
      "bv": 25,
      "usuarioAsignado": 2,
      "horasAsignadas": 45,
      "proyecto": 1,
      "estado": "T",
      "archivos": []
    }
  },
  {
    "model": "historias_usuario.historiausuario",
    "pk": 5,
    "fields": {
      "nombre": "US 2",
      "descripcion": "US 2",
      "fecha_creacion": "2022-11-04T14:40:31.136Z",
      "fecha_modificacion": "2022-11-04T14:42:55.221Z",
      "sprint": 1,
      "etapa": 6,
      "tipo": 2,
      "versionPrevia": null,
      "up": 25,
      "bv": 75,
      "usuarioAsignado": 1,
      "horasAsignadas": 90,
      "proyecto": 1,
      "estado": "H",
      "archivos": []
    }
  },
  {
    "model": "historias_usuario.historiausuario",
    "pk": 6,
    "fields": {
      "nombre": "US 1",
      "descripcion": "US 1",
      "fecha_creacion": "2022-11-04T14:40:22.255Z",
      "fecha_modificacion": "2022-11-04T14:44:15.210Z",
      "sprint": 1,
      "etapa": 6,
      "tipo": 2,
      "versionPrevia": null,
      "up": 50,
      "bv": 50,
      "usuarioAsignado": 2,
      "horasAsignadas": 45,
      "proyecto": 1,
      "estado": "H",
      "archivos": []
    }
  },
  {
    "model": "historias_usuario.historiausuario",
    "pk": 7,
    "fields": {
      "nombre": "US 3",
      "descripcion": "US 3",
      "fecha_creacion": "2022-11-04T14:40:40.815Z",
      "fecha_modificacion": "2022-11-04T14:45:29.455Z",
      "sprint": 1,
      "etapa": 6,
      "tipo": 2,
      "versionPrevia": null,
      "up": 75,
      "bv": 25,
      "usuarioAsignado": 2,
      "horasAsignadas": 45,
      "proyecto": 1,
      "estado": "H",
      "archivos": []
    }
  },
  {
    "model": "historias_usuario.historiausuario",
    "pk": 8,
    "fields": {
      "nombre": "US 2",
      "descripcion": "US 2",
      "fecha_creacion": "2022-11-04T14:42:55.230Z",
      "fecha_modificacion": "2022-11-04T14:45:53.968Z",
      "sprint": 1,
      "etapa": 7,
      "tipo": 2,
      "versionPrevia": 5,
      "up": 25,
      "bv": 75,
      "usuarioAsignado": 1,
      "horasAsignadas": 90,
      "proyecto": 1,
      "estado": "H",
      "archivos": []
    }
  },
  {
    "model": "historias_usuario.historiausuario",
    "pk": 9,
    "fields": {
      "nombre": "US 1",
      "descripcion": "US 1",
      "fecha_creacion": "2022-11-04T14:44:15.220Z",
      "fecha_modificacion": "2022-11-04T14:46:08.551Z",
      "sprint": 1,
      "etapa": 7,
      "tipo": 2,
      "versionPrevia": 6,
      "up": 50,
      "bv": 50,
      "usuarioAsignado": 2,
      "horasAsignadas": 45,
      "proyecto": 1,
      "estado": "H",
      "archivos": []
    }
  },
  {
    "model": "historias_usuario.historiausuario",
    "pk": 10,
    "fields": {
      "nombre": "US 3",
      "descripcion": "US 3",
      "fecha_creacion": "2022-11-04T14:45:29.464Z",
      "fecha_modificacion": "2022-11-04T14:46:22.475Z",
      "sprint": 1,
      "etapa": 7,
      "tipo": 2,
      "versionPrevia": 7,
      "up": 75,
      "bv": 25,
      "usuarioAsignado": 2,
      "horasAsignadas": 45,
      "proyecto": 1,
      "estado": "H",
      "archivos": []
    }
  },
  {
    "model": "historias_usuario.historiausuario",
    "pk": 11,
    "fields": {
      "nombre": "US 2",
      "descripcion": "US 2",
      "fecha_creacion": "2022-11-04T14:45:53.980Z",
      "fecha_modificacion": "2022-11-04T14:47:19.120Z",
      "sprint": 1,
      "etapa": 8,
      "tipo": 2,
      "versionPrevia": 8,
      "up": 25,
      "bv": 75,
      "usuarioAsignado": 1,
      "horasAsignadas": 90,
      "proyecto": 1,
      "estado": "H",
      "archivos": []
    }
  },
  {
    "model": "historias_usuario.historiausuario",
    "pk": 12,
    "fields": {
      "nombre": "US 1",
      "descripcion": "US 1",
      "fecha_creacion": "2022-11-04T14:46:08.560Z",
      "fecha_modificacion": "2022-11-04T14:47:37.527Z",
      "sprint": 1,
      "etapa": 8,
      "tipo": 2,
      "versionPrevia": 9,
      "up": 50,
      "bv": 50,
      "usuarioAsignado": 2,
      "horasAsignadas": 45,
      "proyecto": 1,
      "estado": "H",
      "archivos": []
    }
  },
  {
    "model": "historias_usuario.historiausuario",
    "pk": 13,
    "fields": {
      "nombre": "US 3",
      "descripcion": "US 3",
      "fecha_creacion": "2022-11-04T14:46:22.482Z",
      "fecha_modificacion": "2022-11-04T14:47:55.599Z",
      "sprint": 1,
      "etapa": 8,
      "tipo": 2,
      "versionPrevia": 10,
      "up": 75,
      "bv": 25,
      "usuarioAsignado": 2,
      "horasAsignadas": 45,
      "proyecto": 1,
      "estado": "H",
      "archivos": []
    }
  },
  {
    "model": "historias_usuario.historiausuario",
    "pk": 14,
    "fields": {
      "nombre": "US 4",
      "descripcion": "US 4",
      "fecha_creacion": "2022-11-04T14:57:39.853Z",
      "fecha_modificacion": "2022-11-04T14:59:23.638Z",
      "sprint": 4,
      "etapa": 10,
      "tipo": 3,
      "versionPrevia": 18,
      "up": 50,
      "bv": 50,
      "usuarioAsignado": 2,
      "horasAsignadas": 45,
      "proyecto": 2,
      "estado": "A",
      "archivos": []
    }
  },
  {
    "model": "historias_usuario.historiausuario",
    "pk": 15,
    "fields": {
      "nombre": "US 5",
      "descripcion": "US 5",
      "fecha_creacion": "2022-11-04T14:57:58.189Z",
      "fecha_modificacion": "2022-11-04T14:59:23.633Z",
      "sprint": 4,
      "etapa": 11,
      "tipo": 3,
      "versionPrevia": 19,
      "up": 25,
      "bv": 75,
      "usuarioAsignado": 1,
      "horasAsignadas": 15,
      "proyecto": 2,
      "estado": "A",
      "archivos": []
    }
  },
  {
    "model": "historias_usuario.historiausuario",
    "pk": 16,
    "fields": {
      "nombre": "US 6",
      "descripcion": "US 6",
      "fecha_creacion": "2022-11-04T14:59:46.333Z",
      "fecha_modificacion": "2022-11-04T14:59:46.348Z",
      "sprint": 4,
      "etapa": 10,
      "tipo": 3,
      "versionPrevia": 23,
      "up": 75,
      "bv": 25,
      "usuarioAsignado": 1,
      "horasAsignadas": 90,
      "proyecto": 2,
      "estado": "A",
      "archivos": []
    }
  },
  {
    "model": "historias_usuario.historiausuario",
    "pk": 17,
    "fields": {
      "nombre": "US 5",
      "descripcion": "US 5",
      "fecha_creacion": "2022-11-04T14:54:43.973Z",
      "fecha_modificacion": "2022-11-04T14:56:55.339Z",
      "sprint": 3,
      "etapa": 9,
      "tipo": 3,
      "versionPrevia": null,
      "up": 25,
      "bv": 75,
      "usuarioAsignado": 1,
      "horasAsignadas": 45,
      "proyecto": 2,
      "estado": "H",
      "archivos": []
    }
  },
  {
    "model": "historias_usuario.historiausuario",
    "pk": 18,
    "fields": {
      "nombre": "US 4",
      "descripcion": "US 4",
      "fecha_creacion": "2022-11-04T14:54:34.180Z",
      "fecha_modificacion": "2022-11-04T14:57:39.825Z",
      "sprint": 3,
      "etapa": 9,
      "tipo": 3,
      "versionPrevia": null,
      "up": 50,
      "bv": 50,
      "usuarioAsignado": 1,
      "horasAsignadas": 45,
      "proyecto": 2,
      "estado": "H",
      "archivos": []
    }
  },
  {
    "model": "historias_usuario.historiausuario",
    "pk": 19,
    "fields": {
      "nombre": "US 5",
      "descripcion": "US 5",
      "fecha_creacion": "2022-11-04T14:56:55.373Z",
      "fecha_modificacion": "2022-11-04T14:57:58.180Z",
      "sprint": 3,
      "etapa": 10,
      "tipo": 3,
      "versionPrevia": 17,
      "up": 25,
      "bv": 75,
      "usuarioAsignado": 2,
      "horasAsignadas": 45,
      "proyecto": 2,
      "estado": "H",
      "archivos": []
    }
  },
  {
    "model": "historias_usuario.historiausuario",
    "pk": 20,
    "fields": {
      "nombre": "US 6",
      "descripcion": "US 6",
      "fecha_creacion": "2022-11-04T14:54:54.040Z",
      "fecha_modificacion": "2022-11-04T14:58:05.433Z",
      "sprint": 3,
      "etapa": 9,
      "tipo": 3,
      "versionPrevia": null,
      "up": 75,
      "bv": 25,
      "usuarioAsignado": 2,
      "horasAsignadas": 90,
      "proyecto": 2,
      "estado": "S",
      "archivos": []
    }
  },
  {
    "model": "historias_usuario.historiausuario",
    "pk": 21,
    "fields": {
      "nombre": "US 4",
      "descripcion": "US 4",
      "fecha_creacion": "2022-11-04T14:57:39.853Z",
      "fecha_modificacion": "2022-11-04T14:58:05.447Z",
      "sprint": 3,
      "etapa": 10,
      "tipo": 3,
      "versionPrevia": 18,
      "up": 50,
      "bv": 50,
      "usuarioAsignado": 1,
      "horasAsignadas": 45,
      "proyecto": 2,
      "estado": "S",
      "archivos": []
    }
  },
  {
    "model": "historias_usuario.historiausuario",
    "pk": 22,
    "fields": {
      "nombre": "US 5",
      "descripcion": "US 5",
      "fecha_creacion": "2022-11-04T14:57:58.189Z",
      "fecha_modificacion": "2022-11-04T14:58:05.457Z",
      "sprint": 3,
      "etapa": 11,
      "tipo": 3,
      "versionPrevia": 19,
      "up": 25,
      "bv": 75,
      "usuarioAsignado": 2,
      "horasAsignadas": 45,
      "proyecto": 2,
      "estado": "S",
      "archivos": []
    }
  },
  {
    "model": "historias_usuario.historiausuario",
    "pk": 23,
    "fields": {
      "nombre": "US 6",
      "descripcion": "US 6",
      "fecha_creacion": "2022-11-04T14:54:54.040Z",
      "fecha_modificacion": "2022-11-04T14:59:46.312Z",
      "sprint": 4,
      "etapa": 9,
      "tipo": 3,
      "versionPrevia": null,
      "up": 75,
      "bv": 25,
      "usuarioAsignado": 1,
      "horasAsignadas": 90,
      "proyecto": 2,
      "estado": "H",
      "archivos": []
    }
  },
  {
    "model": "historias_usuario.historiausuario",
    "pk": 24,
    "fields": {
      "nombre": "US 1 de proyecto 3",
      "descripcion": "US 1 de proyecto 3",
      "fecha_creacion": "2022-11-04T15:00:28.378Z",
      "fecha_modificacion": "2022-11-04T15:00:28.384Z",
      "sprint": null,
      "etapa": null,
      "tipo": 4,
      "versionPrevia": null,
      "up": 25,
      "bv": 75,
      "usuarioAsignado": null,
      "horasAsignadas": 0,
      "proyecto": 3,
      "estado": "A",
      "archivos": []
    }
  },
  {
    "model": "historias_usuario.historiausuario",
    "pk": 25,
    "fields": {
      "nombre": "US 2 de proyecto 3",
      "descripcion": "US 2 de proyecto 3",
      "fecha_creacion": "2022-11-04T15:00:39.292Z",
      "fecha_modificacion": "2022-11-04T15:00:39.297Z",
      "sprint": null,
      "etapa": null,
      "tipo": 4,
      "versionPrevia": null,
      "up": 75,
      "bv": 25,
      "usuarioAsignado": null,
      "horasAsignadas": 0,
      "proyecto": 3,
      "estado": "A",
      "archivos": []
    }
  },
  {
    "model": "historias_usuario.historiausuario",
    "pk": 26,
    "fields": {
      "nombre": "US 3 de proyecto 3",
      "descripcion": "US 3 de proyecto 3",
      "fecha_creacion": "2022-11-04T15:00:48.976Z",
      "fecha_modificacion": "2022-11-04T15:00:48.982Z",
      "sprint": null,
      "etapa": null,
      "tipo": 4,
      "versionPrevia": null,
      "up": 25,
      "bv": 75,
      "usuarioAsignado": null,
      "horasAsignadas": 0,
      "proyecto": 3,
      "estado": "A",
      "archivos": []
    }
  },
  {
    "model": "historias_usuario.sprintinfo",
    "pk": 1,
    "fields": {
      "versionEnHistorial": 20,
      "historia": 16,
      "sprint": 3,
      "fechaCreacion": "2022-11-04T14:58:05.438Z",
      "horasAsignadas": 90,
      "horasUsadas": 0
    }
  },
  {
    "model": "historias_usuario.sprintinfo",
    "pk": 2,
    "fields": {
      "versionEnHistorial": 21,
      "historia": 14,
      "sprint": 3,
      "fechaCreacion": "2022-11-04T14:58:05.452Z",
      "horasAsignadas": 45,
      "horasUsadas": 150
    }
  },
  {
    "model": "historias_usuario.sprintinfo",
    "pk": 3,
    "fields": {
      "versionEnHistorial": 22,
      "historia": 15,
      "sprint": 3,
      "fechaCreacion": "2022-11-04T14:58:05.462Z",
      "horasAsignadas": 45,
      "horasUsadas": 30
    }
  },
  {
    "model": "historias_usuario.tarea",
    "pk": 1,
    "fields": {
      "fecha": "2022-11-04",
      "historia": 3,
      "sprint": 1,
      "usuario": 1,
      "descripcion": "Trabajo 1 en US 2",
      "etapa": 6,
      "horas": 30,
      "considerado": false
    }
  },
  {
    "model": "historias_usuario.tarea",
    "pk": 2,
    "fields": {
      "fecha": "2022-11-04",
      "historia": 2,
      "sprint": 1,
      "usuario": 1,
      "descripcion": "Trabajo 1 en US 1",
      "etapa": 6,
      "horas": 15,
      "considerado": false
    }
  },
  {
    "model": "historias_usuario.tarea",
    "pk": 3,
    "fields": {
      "fecha": "2022-11-04",
      "historia": 4,
      "sprint": 1,
      "usuario": 1,
      "descripcion": "Trabajo 1 en US 3",
      "etapa": 6,
      "horas": 15,
      "considerado": false
    }
  },
  {
    "model": "historias_usuario.tarea",
    "pk": 4,
    "fields": {
      "fecha": "2022-11-04",
      "historia": 3,
      "sprint": 1,
      "usuario": 1,
      "descripcion": "Trabajo 2 en US 2",
      "etapa": 7,
      "horas": 30,
      "considerado": false
    }
  },
  {
    "model": "historias_usuario.tarea",
    "pk": 5,
    "fields": {
      "fecha": "2022-11-04",
      "historia": 2,
      "sprint": 1,
      "usuario": 1,
      "descripcion": "Trabajo 2 en US 1",
      "etapa": 7,
      "horas": 15,
      "considerado": false
    }
  },
  {
    "model": "historias_usuario.tarea",
    "pk": 6,
    "fields": {
      "fecha": "2022-11-04",
      "historia": 4,
      "sprint": 1,
      "usuario": 1,
      "descripcion": "Trabajo 2 en US 3",
      "etapa": 7,
      "horas": 30,
      "considerado": false
    }
  },
  {
    "model": "historias_usuario.tarea",
    "pk": 7,
    "fields": {
      "fecha": "2022-11-04",
      "historia": 3,
      "sprint": 1,
      "usuario": 1,
      "descripcion": "Trabajo 3 en US 2",
      "etapa": 8,
      "horas": 30,
      "considerado": false
    }
  },
  {
    "model": "historias_usuario.tarea",
    "pk": 8,
    "fields": {
      "fecha": "2022-11-04",
      "historia": 2,
      "sprint": 1,
      "usuario": 1,
      "descripcion": "Trabajo 3 en US 1",
      "etapa": 8,
      "horas": 30,
      "considerado": false
    }
  },
  {
    "model": "historias_usuario.tarea",
    "pk": 9,
    "fields": {
      "fecha": "2022-11-04",
      "historia": 4,
      "sprint": 1,
      "usuario": 1,
      "descripcion": "Trabajo 3 en US 3",
      "etapa": 8,
      "horas": 15,
      "considerado": false
    }
  },
  {
    "model": "historias_usuario.tarea",
    "pk": 10,
    "fields": {
      "fecha": "2022-11-04",
      "historia": 15,
      "sprint": 3,
      "usuario": 2,
      "descripcion": "Trabajo 1 en US 5",
      "etapa": 9,
      "horas": 15,
      "considerado": false
    }
  },
  {
    "model": "historias_usuario.tarea",
    "pk": 11,
    "fields": {
      "fecha": "2022-11-04",
      "historia": 14,
      "sprint": 3,
      "usuario": 2,
      "descripcion": "Trabajo 1 en US 4",
      "etapa": 9,
      "horas": 150,
      "considerado": false
    }
  },
  {
    "model": "historias_usuario.tarea",
    "pk": 12,
    "fields": {
      "fecha": "2022-11-04",
      "historia": 15,
      "sprint": 3,
      "usuario": 2,
      "descripcion": "Trabajo 2 en US 5",
      "etapa": 10,
      "horas": 15,
      "considerado": false
    }
  },
  {
    "model": "historias_usuario.tarea",
    "pk": 13,
    "fields": {
      "fecha": "2022-11-04",
      "historia": 16,
      "sprint": 4,
      "usuario": 2,
      "descripcion": "Trabajo en US 6",
      "etapa": 9,
      "horas": 45,
      "considerado": false
    }
  },
  {
    "model": "account.emailaddress",
    "pk": 1,
    "fields": {
      "user": 1,
      "email": "jlgutierrez2000@hotmail.com",
      "verified": false,
      "primary": true
    }
  },
  {
    "model": "account.emailaddress",
    "pk": 2,
    "fields": {
      "user": 2,
      "email": "dummygpais2test@gmail.com",
      "verified": false,
      "primary": true
    }
  },
  {
    "model": "socialaccount.socialaccount",
    "pk": 1,
    "fields": {
      "user": 1,
      "provider": "github",
      "uid": "46907456",
      "last_login": "2022-11-04T14:36:54.734Z",
      "date_joined": "2022-11-04T14:36:54.734Z",
      "extra_data": "{\"login\": \"jg2kpy\", \"id\": 46907456, \"node_id\": \"MDQ6VXNlcjQ2OTA3NDU2\", \"avatar_url\": \"https://avatars.githubusercontent.com/u/46907456?v=4\", \"gravatar_id\": \"\", \"url\": \"https://api.github.com/users/jg2kpy\", \"html_url\": \"https://github.com/jg2kpy\", \"followers_url\": \"https://api.github.com/users/jg2kpy/followers\", \"following_url\": \"https://api.github.com/users/jg2kpy/following{/other_user}\", \"gists_url\": \"https://api.github.com/users/jg2kpy/gists{/gist_id}\", \"starred_url\": \"https://api.github.com/users/jg2kpy/starred{/owner}{/repo}\", \"subscriptions_url\": \"https://api.github.com/users/jg2kpy/subscriptions\", \"organizations_url\": \"https://api.github.com/users/jg2kpy/orgs\", \"repos_url\": \"https://api.github.com/users/jg2kpy/repos\", \"events_url\": \"https://api.github.com/users/jg2kpy/events{/privacy}\", \"received_events_url\": \"https://api.github.com/users/jg2kpy/received_events\", \"type\": \"User\", \"site_admin\": false, \"name\": \"Jos\\u00e9 Luis Junior Guti\\u00e9rrez Ag\\u00fcero\", \"company\": \"Facultad Polit\\u00e9cnica - Universidad Nacional de Asunci\\u00f3n\", \"blog\": \"https://juniorgutierrez.com/\", \"location\": \"Asunci\\u00f3n, Paraguay\", \"email\": \"jlgutierrez2000@hotmail.com\", \"hireable\": null, \"bio\": \"Computer Science & Engineering student\", \"twitter_username\": \"jg2kpy\", \"public_repos\": 16, \"public_gists\": 0, \"followers\": 22, \"following\": 45, \"created_at\": \"2019-01-21T21:56:19Z\", \"updated_at\": \"2022-11-01T12:32:31Z\"}"
    }
  },
  {
    "model": "socialaccount.socialaccount",
    "pk": 2,
    "fields": {
      "user": 2,
      "provider": "github",
      "uid": "113201839",
      "last_login": "2022-11-04T14:37:03.136Z",
      "date_joined": "2022-11-04T14:37:03.136Z",
      "extra_data": "{\"login\": \"17gpais2test\", \"id\": 113201839, \"node_id\": \"U_kgDOBr9Srw\", \"avatar_url\": \"https://avatars.githubusercontent.com/u/113201839?v=4\", \"gravatar_id\": \"\", \"url\": \"https://api.github.com/users/17gpais2test\", \"html_url\": \"https://github.com/17gpais2test\", \"followers_url\": \"https://api.github.com/users/17gpais2test/followers\", \"following_url\": \"https://api.github.com/users/17gpais2test/following{/other_user}\", \"gists_url\": \"https://api.github.com/users/17gpais2test/gists{/gist_id}\", \"starred_url\": \"https://api.github.com/users/17gpais2test/starred{/owner}{/repo}\", \"subscriptions_url\": \"https://api.github.com/users/17gpais2test/subscriptions\", \"organizations_url\": \"https://api.github.com/users/17gpais2test/orgs\", \"repos_url\": \"https://api.github.com/users/17gpais2test/repos\", \"events_url\": \"https://api.github.com/users/17gpais2test/events{/privacy}\", \"received_events_url\": \"https://api.github.com/users/17gpais2test/received_events\", \"type\": \"User\", \"site_admin\": false, \"name\": \"Cuenta Secundaria\", \"company\": null, \"blog\": \"\", \"location\": null, \"email\": \"dummygpais2test@gmail.com\", \"hireable\": null, \"bio\": null, \"twitter_username\": null, \"public_repos\": 0, \"public_gists\": 0, \"followers\": 0, \"following\": 0, \"created_at\": \"2022-09-09T17:01:19Z\", \"updated_at\": \"2022-11-03T01:18:42Z\"}"
    }
  }
]
